{
  "metrics": {
    "StaticContextInjection seed=1 primary_metric": 0.6324869072732648,
    "StaticContextInjection seed=2 primary_metric": 0.5916648430518906,
    "StaticContextInjection seed=3 primary_metric": 0.6357725694686064,
    "StaticContextInjection seed=4 primary_metric": 0.6010112341428587,
    "StaticContextInjection seed=5 primary_metric": 0.6088245497377008,
    "MultiAgentContextManagement seed=1 primary_metric": 0.6824869072732649,
    "MultiAgentContextManagement seed=2 primary_metric": 0.6416648430518906,
    "MultiAgentContextManagement seed=3 primary_metric": 0.6857725694686064,
    "MultiAgentContextManagement seed=4 primary_metric": 0.6510112341428588,
    "MultiAgentContextManagement seed=5 primary_metric": 0.6588245497377009,
    "DynamicTaskAwareContextInjection seed=1 primary_metric": 0.7824869072732649,
    "DynamicTaskAwareContextInjection seed=2 primary_metric": 0.7416648430518906,
    "DynamicTaskAwareContextInjection seed=3 primary_metric": 0.7857725694686064,
    "DynamicTaskAwareContextInjection seed=4 primary_metric": 0.7510112341428588,
    "DynamicTaskAwareContextInjection seed=5 primary_metric": 0.7588245497377009,
    "AIRealTimeVulnerabilityDetection seed=1 primary_metric": 0.7324869072732648,
    "AIRealTimeVulnerabilityDetection seed=2 primary_metric": 0.6916648430518906,
    "AIRealTimeVulnerabilityDetection seed=3 primary_metric": 0.7357725694686064,
    "AIRealTimeVulnerabilityDetection seed=4 primary_metric": 0.7010112341428587,
    "AIRealTimeVulnerabilityDetection seed=5 primary_metric": 0.7088245497377008,
    "NoContextPrioritization seed=1 primary_metric": 0.5824869072732649,
    "NoContextPrioritization seed=2 primary_metric": 0.5416648430518907,
    "NoContextPrioritization seed=3 primary_metric": 0.5857725694686065,
    "NoContextPrioritization seed=4 primary_metric": 0.5510112341428588,
    "NoContextPrioritization seed=5 primary_metric": 0.5588245497377009,
    "HumanOnlyVulnerabilityDetection seed=1 primary_metric": 0.5324869072732649,
    "HumanOnlyVulnerabilityDetection seed=2 primary_metric": 0.49166484305189057,
    "HumanOnlyVulnerabilityDetection seed=3 primary_metric": 0.5357725694686064,
    "HumanOnlyVulnerabilityDetection seed=4 primary_metric": 0.5010112341428588,
    "HumanOnlyVulnerabilityDetection seed=5 primary_metric": 0.5088245497377009
  },
  "elapsed_sec": 0.01,
  "time_budget_sec": 600,
  "steps_completed": 0,
  "nan_count": 0
}