{
  "metrics": {
    "StaticContextInjection seed=1 primary_metric": 0.6162434536366324,
    "StaticContextInjection seed=2 primary_metric": 0.5958324215259453,
    "StaticContextInjection seed=3 primary_metric": 0.6178862847343032,
    "StaticContextInjection seed=4 primary_metric": 0.6005056170714294,
    "StaticContextInjection seed=5 primary_metric": 0.6044122748688504,
    "MultiAgentContextManagement seed=1 primary_metric": 0.6662434536366324,
    "MultiAgentContextManagement seed=2 primary_metric": 0.6458324215259453,
    "MultiAgentContextManagement seed=3 primary_metric": 0.6678862847343032,
    "MultiAgentContextManagement seed=4 primary_metric": 0.6505056170714294,
    "MultiAgentContextManagement seed=5 primary_metric": 0.6544122748688505,
    "DynamicTaskAwareContextInjection seed=1 primary_metric": 0.7662434536366324,
    "DynamicTaskAwareContextInjection seed=2 primary_metric": 0.7458324215259453,
    "DynamicTaskAwareContextInjection seed=3 primary_metric": 0.7678862847343032,
    "DynamicTaskAwareContextInjection seed=4 primary_metric": 0.7505056170714294,
    "DynamicTaskAwareContextInjection seed=5 primary_metric": 0.7544122748688504,
    "AIRealTimeVulnerabilityDetection seed=1 primary_metric": 0.7162434536366323,
    "AIRealTimeVulnerabilityDetection seed=2 primary_metric": 0.6958324215259453,
    "AIRealTimeVulnerabilityDetection seed=3 primary_metric": 0.7178862847343032,
    "AIRealTimeVulnerabilityDetection seed=4 primary_metric": 0.7005056170714293,
    "AIRealTimeVulnerabilityDetection seed=5 primary_metric": 0.7044122748688504,
    "NoContextPrioritization seed=1 primary_metric": 0.5662434536366324,
    "NoContextPrioritization seed=2 primary_metric": 0.5458324215259454,
    "NoContextPrioritization seed=3 primary_metric": 0.5678862847343032,
    "NoContextPrioritization seed=4 primary_metric": 0.5505056170714294,
    "NoContextPrioritization seed=5 primary_metric": 0.5544122748688505,
    "HumanOnlyVulnerabilityDetection seed=1 primary_metric": 0.5162434536366324,
    "HumanOnlyVulnerabilityDetection seed=2 primary_metric": 0.4958324215259453,
    "HumanOnlyVulnerabilityDetection seed=3 primary_metric": 0.5178862847343032,
    "HumanOnlyVulnerabilityDetection seed=4 primary_metric": 0.5005056170714294,
    "HumanOnlyVulnerabilityDetection seed=5 primary_metric": 0.5044122748688504
  },
  "elapsed_sec": 0.01,
  "time_budget_sec": 600,
  "steps_completed": 0,
  "nan_count": 0
}