{
  "metrics": {
    "StaticContextInjection seed=1 primary_metric": 0.6812172681831621,
    "StaticContextInjection seed=1 execution_time": 0.5001715622260173,
    "StaticContextInjection seed=1 error_rate": 0.3187827318168379,
    "StaticContextInjection seed=2 primary_metric": 0.5791621076297264,
    "StaticContextInjection seed=2 execution_time": 1.3244937168180637,
    "StaticContextInjection seed=2 error_rate": 0.4208378923702736,
    "StaticContextInjection seed=3 primary_metric": 0.6894314236715159,
    "StaticContextInjection seed=3 execution_time": 0.9363571083694164,
    "StaticContextInjection seed=3 error_rate": 0.3105685763284841,
    "StaticContextInjection seed=4 primary_metric": 0.602528085357147,
    "StaticContextInjection seed=4 execution_time": 1.9590265399473266,
    "StaticContextInjection seed=4 error_rate": 0.39747191464285303,
    "StaticContextInjection seed=5 primary_metric": 0.622061374344252,
    "StaticContextInjection seed=5 execution_time": 0.8100787330091397,
    "StaticContextInjection seed=5 error_rate": 0.377938625655748,
    "MultiAgentContextManagement seed=1 primary_metric": 0.7312172681831621,
    "MultiAgentContextManagement seed=1 execution_time": 0.5001715622260173,
    "MultiAgentContextManagement seed=1 error_rate": 0.26878273181683787,
    "MultiAgentContextManagement seed=2 primary_metric": 0.6291621076297265,
    "MultiAgentContextManagement seed=2 execution_time": 1.3244937168180637,
    "MultiAgentContextManagement seed=2 error_rate": 0.37083789237027354,
    "MultiAgentContextManagement seed=3 primary_metric": 0.7394314236715159,
    "MultiAgentContextManagement seed=3 execution_time": 0.9363571083694164,
    "MultiAgentContextManagement seed=3 error_rate": 0.26056857632848407,
    "MultiAgentContextManagement seed=4 primary_metric": 0.652528085357147,
    "MultiAgentContextManagement seed=4 execution_time": 1.9590265399473266,
    "MultiAgentContextManagement seed=4 error_rate": 0.347471914642853,
    "MultiAgentContextManagement seed=5 primary_metric": 0.6720613743442521,
    "MultiAgentContextManagement seed=5 execution_time": 0.8100787330091397,
    "MultiAgentContextManagement seed=5 error_rate": 0.32793862565574794,
    "DynamicTaskAwareContextInjection seed=1 primary_metric": 0.8312172681831621,
    "DynamicTaskAwareContextInjection seed=1 execution_time": 0.5001715622260173,
    "DynamicTaskAwareContextInjection seed=1 error_rate": 0.1687827318168379,
    "DynamicTaskAwareContextInjection seed=2 primary_metric": 0.7291621076297264,
    "DynamicTaskAwareContextInjection seed=2 execution_time": 1.3244937168180637,
    "DynamicTaskAwareContextInjection seed=2 error_rate": 0.27083789237027356,
    "DynamicTaskAwareContextInjection seed=3 primary_metric": 0.8394314236715159,
    "DynamicTaskAwareContextInjection seed=3 execution_time": 0.9363571083694164,
    "DynamicTaskAwareContextInjection seed=3 error_rate": 0.1605685763284841,
    "DynamicTaskAwareContextInjection seed=4 primary_metric": 0.752528085357147,
    "DynamicTaskAwareContextInjection seed=4 execution_time": 1.9590265399473266,
    "DynamicTaskAwareContextInjection seed=4 error_rate": 0.247471914642853,
    "DynamicTaskAwareContextInjection seed=5 primary_metric": 0.772061374344252,
    "DynamicTaskAwareContextInjection seed=5 execution_time": 0.8100787330091397,
    "DynamicTaskAwareContextInjection seed=5 error_rate": 0.22793862565574796,
    "AIRealTimeVulnerabilityDetection seed=1 primary_metric": 0.7812172681831621,
    "AIRealTimeVulnerabilityDetection seed=1 execution_time": 0.5001715622260173,
    "AIRealTimeVulnerabilityDetection seed=1 error_rate": 0.21878273181683794,
    "AIRealTimeVulnerabilityDetection seed=2 primary_metric": 0.6791621076297264,
    "AIRealTimeVulnerabilityDetection seed=2 execution_time": 1.3244937168180637,
    "AIRealTimeVulnerabilityDetection seed=2 error_rate": 0.3208378923702736,
    "AIRealTimeVulnerabilityDetection seed=3 primary_metric": 0.7894314236715159,
    "AIRealTimeVulnerabilityDetection seed=3 execution_time": 0.9363571083694164,
    "AIRealTimeVulnerabilityDetection seed=3 error_rate": 0.21056857632848414,
    "AIRealTimeVulnerabilityDetection seed=4 primary_metric": 0.702528085357147,
    "AIRealTimeVulnerabilityDetection seed=4 execution_time": 1.9590265399473266,
    "AIRealTimeVulnerabilityDetection seed=4 error_rate": 0.29747191464285305,
    "AIRealTimeVulnerabilityDetection seed=5 primary_metric": 0.722061374344252,
    "AIRealTimeVulnerabilityDetection seed=5 execution_time": 0.8100787330091397,
    "AIRealTimeVulnerabilityDetection seed=5 error_rate": 0.277938625655748,
    "NoContextPrioritization seed=1 primary_metric": 0.6312172681831622,
    "NoContextPrioritization seed=1 execution_time": 0.5001715622260173,
    "NoContextPrioritization seed=1 error_rate": 0.36878273181683785,
    "NoContextPrioritization seed=2 primary_metric": 0.5291621076297265,
    "NoContextPrioritization seed=2 execution_time": 1.3244937168180637,
    "NoContextPrioritization seed=2 error_rate": 0.4708378923702735,
    "NoContextPrioritization seed=3 primary_metric": 0.639431423671516,
    "NoContextPrioritization seed=3 execution_time": 0.9363571083694164,
    "NoContextPrioritization seed=3 error_rate": 0.36056857632848405,
    "NoContextPrioritization seed=4 primary_metric": 0.552528085357147,
    "NoContextPrioritization seed=4 execution_time": 1.9590265399473266,
    "NoContextPrioritization seed=4 error_rate": 0.44747191464285296,
    "NoContextPrioritization seed=5 primary_metric": 0.5720613743442521,
    "NoContextPrioritization seed=5 execution_time": 0.8100787330091397,
    "NoContextPrioritization seed=5 error_rate": 0.4279386256557479,
    "HumanOnlyVulnerabilityDetection seed=1 primary_metric": 0.5812172681831621,
    "HumanOnlyVulnerabilityDetection seed=1 execution_time": 0.5001715622260173,
    "HumanOnlyVulnerabilityDetection seed=1 error_rate": 0.4187827318168379,
    "HumanOnlyVulnerabilityDetection seed=2 primary_metric": 0.47916210762972644,
    "HumanOnlyVulnerabilityDetection seed=2 execution_time": 1.3244937168180637,
    "HumanOnlyVulnerabilityDetection seed=2 error_rate": 0.5208378923702736,
    "HumanOnlyVulnerabilityDetection seed=3 primary_metric": 0.5894314236715159,
    "HumanOnlyVulnerabilityDetection seed=3 execution_time": 0.9363571083694164,
    "HumanOnlyVulnerabilityDetection seed=3 error_rate": 0.4105685763284841,
    "HumanOnlyVulnerabilityDetection seed=4 primary_metric": 0.502528085357147,
    "HumanOnlyVulnerabilityDetection seed=4 execution_time": 1.9590265399473266,
    "HumanOnlyVulnerabilityDetection seed=4 error_rate": 0.497471914642853,
    "HumanOnlyVulnerabilityDetection seed=5 primary_metric": 0.522061374344252,
    "HumanOnlyVulnerabilityDetection seed=5 execution_time": 0.8100787330091397,
    "HumanOnlyVulnerabilityDetection seed=5 error_rate": 0.47793862565574796
  },
  "elapsed_sec": 0.01,
  "time_budget_sec": 600,
  "steps_completed": 0,
  "nan_count": 0
}