{
  "metrics": {
    "StaticContextInjection seed=1 primary_metric": 0.6474869072732647,
    "StaticContextInjection seed=2 primary_metric": 0.6066648430518905,
    "StaticContextInjection seed=3 primary_metric": 0.6507725694686063,
    "StaticContextInjection seed=4 primary_metric": 0.6160112341428586,
    "StaticContextInjection seed=5 primary_metric": 0.6238245497377007,
    "MultiAgentContextManagement seed=1 primary_metric": 0.6987369072732649,
    "MultiAgentContextManagement seed=2 primary_metric": 0.6579148430518906,
    "MultiAgentContextManagement seed=3 primary_metric": 0.7020225694686064,
    "MultiAgentContextManagement seed=4 primary_metric": 0.6672612341428588,
    "MultiAgentContextManagement seed=5 primary_metric": 0.6750745497377009,
    "DynamicTaskAwareContextInjection seed=1 primary_metric": 0.8012369072732648,
    "DynamicTaskAwareContextInjection seed=2 primary_metric": 0.7604148430518906,
    "DynamicTaskAwareContextInjection seed=3 primary_metric": 0.8045225694686063,
    "DynamicTaskAwareContextInjection seed=4 primary_metric": 0.7697612341428587,
    "DynamicTaskAwareContextInjection seed=5 primary_metric": 0.7775745497377008,
    "AIRealTimeVulnerabilityDetection seed=1 primary_metric": 0.7499869072732648,
    "AIRealTimeVulnerabilityDetection seed=2 primary_metric": 0.7091648430518905,
    "AIRealTimeVulnerabilityDetection seed=3 primary_metric": 0.7532725694686063,
    "AIRealTimeVulnerabilityDetection seed=4 primary_metric": 0.7185112341428587,
    "AIRealTimeVulnerabilityDetection seed=5 primary_metric": 0.7263245497377008,
    "NoContextPrioritization seed=1 primary_metric": 0.5962369072732648,
    "NoContextPrioritization seed=2 primary_metric": 0.5554148430518906,
    "NoContextPrioritization seed=3 primary_metric": 0.5995225694686064,
    "NoContextPrioritization seed=4 primary_metric": 0.5647612341428587,
    "NoContextPrioritization seed=5 primary_metric": 0.5725745497377008,
    "HumanOnlyVulnerabilityDetection seed=1 primary_metric": 0.5449869072732648,
    "HumanOnlyVulnerabilityDetection seed=2 primary_metric": 0.5041648430518906,
    "HumanOnlyVulnerabilityDetection seed=3 primary_metric": 0.5482725694686064,
    "HumanOnlyVulnerabilityDetection seed=4 primary_metric": 0.5135112341428587,
    "HumanOnlyVulnerabilityDetection seed=5 primary_metric": 0.5213245497377008
  },
  "elapsed_sec": 0.01,
  "time_budget_sec": 600,
  "steps_completed": 0,
  "nan_count": 0
}