{
  "metrics": {
    "StaticContextInjection seed=1 primary_metric": 0.6924869072732649,
    "StaticContextInjection seed=2 primary_metric": 0.6516648430518907,
    "StaticContextInjection seed=3 primary_metric": 0.6957725694686064,
    "StaticContextInjection seed=4 primary_metric": 0.6610112341428588,
    "StaticContextInjection seed=5 primary_metric": 0.6688245497377009,
    "MultiAgentContextManagement seed=1 primary_metric": 0.7474869072732649,
    "MultiAgentContextManagement seed=2 primary_metric": 0.7066648430518907,
    "MultiAgentContextManagement seed=3 primary_metric": 0.7507725694686065,
    "MultiAgentContextManagement seed=4 primary_metric": 0.7160112341428588,
    "MultiAgentContextManagement seed=5 primary_metric": 0.7238245497377009,
    "DynamicTaskAwareContextInjection seed=1 primary_metric": 0.8574869072732649,
    "DynamicTaskAwareContextInjection seed=2 primary_metric": 0.8166648430518907,
    "DynamicTaskAwareContextInjection seed=3 primary_metric": 0.8607725694686065,
    "DynamicTaskAwareContextInjection seed=4 primary_metric": 0.8260112341428588,
    "DynamicTaskAwareContextInjection seed=5 primary_metric": 0.8338245497377009,
    "AIRealTimeVulnerabilityDetection seed=1 primary_metric": 0.8024869072732649,
    "AIRealTimeVulnerabilityDetection seed=2 primary_metric": 0.7616648430518906,
    "AIRealTimeVulnerabilityDetection seed=3 primary_metric": 0.8057725694686064,
    "AIRealTimeVulnerabilityDetection seed=4 primary_metric": 0.7710112341428588,
    "AIRealTimeVulnerabilityDetection seed=5 primary_metric": 0.7788245497377009,
    "NoContextPrioritization seed=1 primary_metric": 0.637486907273265,
    "NoContextPrioritization seed=2 primary_metric": 0.5966648430518907,
    "NoContextPrioritization seed=3 primary_metric": 0.6407725694686065,
    "NoContextPrioritization seed=4 primary_metric": 0.6060112341428588,
    "NoContextPrioritization seed=5 primary_metric": 0.613824549737701,
    "HumanOnlyVulnerabilityDetection seed=1 primary_metric": 0.5824869072732649,
    "HumanOnlyVulnerabilityDetection seed=2 primary_metric": 0.5416648430518907,
    "HumanOnlyVulnerabilityDetection seed=3 primary_metric": 0.5857725694686065,
    "HumanOnlyVulnerabilityDetection seed=4 primary_metric": 0.5510112341428588,
    "HumanOnlyVulnerabilityDetection seed=5 primary_metric": 0.5588245497377009
  },
  "elapsed_sec": 0.01,
  "time_budget_sec": 600,
  "steps_completed": 0,
  "nan_count": 0
}