{
  "metrics": {
    "StaticContextInjection seed=1 primary_metric": 0.5930035917043235,
    "StaticContextInjection seed=2 primary_metric": 0.45551087389813644,
    "StaticContextInjection seed=3 primary_metric": 0.6766503659291999,
    "StaticContextInjection seed=4 primary_metric": 0.5302582908208422,
    "StaticContextInjection seed=5 primary_metric": 0.6275792410937999,
    "MultiAgentContextManagement seed=1 primary_metric": 0.6430035917043234,
    "MultiAgentContextManagement seed=2 primary_metric": 0.5055108738981364,
    "MultiAgentContextManagement seed=3 primary_metric": 0.7266503659291998,
    "MultiAgentContextManagement seed=4 primary_metric": 0.5802582908208421,
    "MultiAgentContextManagement seed=5 primary_metric": 0.6775792410937999,
    "DynamicTaskAwareContextInjection seed=1 primary_metric": 0.7430035917043234,
    "DynamicTaskAwareContextInjection seed=2 primary_metric": 0.6055108738981363,
    "DynamicTaskAwareContextInjection seed=3 primary_metric": 0.8266503659291998,
    "DynamicTaskAwareContextInjection seed=4 primary_metric": 0.6802582908208421,
    "DynamicTaskAwareContextInjection seed=5 primary_metric": 0.7775792410937998,
    "AIRealTimeVulnerabilityDetection seed=1 primary_metric": 0.6930035917043235,
    "AIRealTimeVulnerabilityDetection seed=2 primary_metric": 0.5555108738981365,
    "AIRealTimeVulnerabilityDetection seed=3 primary_metric": 0.7766503659291999,
    "AIRealTimeVulnerabilityDetection seed=4 primary_metric": 0.6302582908208422,
    "AIRealTimeVulnerabilityDetection seed=5 primary_metric": 0.7275792410937999,
    "NoContextPrioritization seed=1 primary_metric": 0.4930035917043235,
    "NoContextPrioritization seed=2 primary_metric": 0.35551087389813646,
    "NoContextPrioritization seed=3 primary_metric": 0.5766503659291999,
    "NoContextPrioritization seed=4 primary_metric": 0.43025829082084216,
    "NoContextPrioritization seed=5 primary_metric": 0.5275792410937998,
    "HumanOnlyVulnerabilityDetection seed=1 primary_metric": 0.44300359170432346,
    "HumanOnlyVulnerabilityDetection seed=2 primary_metric": 0.3055108738981365,
    "HumanOnlyVulnerabilityDetection seed=3 primary_metric": 0.5266503659291999,
    "HumanOnlyVulnerabilityDetection seed=4 primary_metric": 0.3802582908208422,
    "HumanOnlyVulnerabilityDetection seed=5 primary_metric": 0.47757924109379973
  },
  "elapsed_sec": 0.01,
  "time_budget_sec": 600,
  "steps_completed": 0,
  "nan_count": 0
}