{
  "metrics": {
    "StaticContextInjection seed=1 primary_metric": 0.6162434536366324,
    "StaticContextInjection seed=2 primary_metric": 0.5958324215259453,
    "StaticContextInjection seed=3 primary_metric": 0.6178862847343032,
    "StaticContextInjection seed=4 primary_metric": 0.6005056170714294,
    "StaticContextInjection seed=5 primary_metric": 0.6044122748688504,
    "StaticContextInjection seed=6 primary_metric": 0.5968821632651248,
    "StaticContextInjection seed=7 primary_metric": 0.6169052570380036,
    "StaticContextInjection seed=8 primary_metric": 0.6009120471661982,
    "StaticContextInjection seed=9 primary_metric": 0.6000110855471221,
    "StaticContextInjection seed=10 primary_metric": 0.6133158650412952,
    "MultiAgentContextManagement seed=1 primary_metric": 0.6662434536366324,
    "MultiAgentContextManagement seed=2 primary_metric": 0.6458324215259453,
    "MultiAgentContextManagement seed=3 primary_metric": 0.6678862847343032,
    "MultiAgentContextManagement seed=4 primary_metric": 0.6505056170714294,
    "MultiAgentContextManagement seed=5 primary_metric": 0.6544122748688505,
    "MultiAgentContextManagement seed=6 primary_metric": 0.6468821632651248,
    "MultiAgentContextManagement seed=7 primary_metric": 0.6669052570380036,
    "MultiAgentContextManagement seed=8 primary_metric": 0.6509120471661982,
    "MultiAgentContextManagement seed=9 primary_metric": 0.6500110855471222,
    "MultiAgentContextManagement seed=10 primary_metric": 0.6633158650412952,
    "DynamicTaskAwareContextInjection seed=1 primary_metric": 0.7662434536366324,
    "DynamicTaskAwareContextInjection seed=2 primary_metric": 0.7458324215259453,
    "DynamicTaskAwareContextInjection seed=3 primary_metric": 0.7678862847343032,
    "DynamicTaskAwareContextInjection seed=4 primary_metric": 0.7505056170714294,
    "DynamicTaskAwareContextInjection seed=5 primary_metric": 0.7544122748688504,
    "DynamicTaskAwareContextInjection seed=6 primary_metric": 0.7468821632651248,
    "DynamicTaskAwareContextInjection seed=7 primary_metric": 0.7669052570380036,
    "DynamicTaskAwareContextInjection seed=8 primary_metric": 0.7509120471661982,
    "DynamicTaskAwareContextInjection seed=9 primary_metric": 0.7500110855471221,
    "DynamicTaskAwareContextInjection seed=10 primary_metric": 0.7633158650412952,
    "AIRealTimeVulnerabilityDetection seed=1 primary_metric": 0.7162434536366323,
    "AIRealTimeVulnerabilityDetection seed=2 primary_metric": 0.6958324215259453,
    "AIRealTimeVulnerabilityDetection seed=3 primary_metric": 0.7178862847343032,
    "AIRealTimeVulnerabilityDetection seed=4 primary_metric": 0.7005056170714293,
    "AIRealTimeVulnerabilityDetection seed=5 primary_metric": 0.7044122748688504,
    "AIRealTimeVulnerabilityDetection seed=6 primary_metric": 0.6968821632651248,
    "AIRealTimeVulnerabilityDetection seed=7 primary_metric": 0.7169052570380036,
    "AIRealTimeVulnerabilityDetection seed=8 primary_metric": 0.7009120471661981,
    "AIRealTimeVulnerabilityDetection seed=9 primary_metric": 0.7000110855471221,
    "AIRealTimeVulnerabilityDetection seed=10 primary_metric": 0.7133158650412952,
    "NoContextPrioritization seed=1 primary_metric": 0.5662434536366324,
    "NoContextPrioritization seed=2 primary_metric": 0.5458324215259454,
    "NoContextPrioritization seed=3 primary_metric": 0.5678862847343032,
    "NoContextPrioritization seed=4 primary_metric": 0.5505056170714294,
    "NoContextPrioritization seed=5 primary_metric": 0.5544122748688505,
    "NoContextPrioritization seed=6 primary_metric": 0.5468821632651248,
    "NoContextPrioritization seed=7 primary_metric": 0.5669052570380037,
    "NoContextPrioritization seed=8 primary_metric": 0.5509120471661982,
    "NoContextPrioritization seed=9 primary_metric": 0.5500110855471222,
    "NoContextPrioritization seed=10 primary_metric": 0.5633158650412953,
    "HumanOnlyVulnerabilityDetection seed=1 primary_metric": 0.5162434536366324,
    "HumanOnlyVulnerabilityDetection seed=2 primary_metric": 0.4958324215259453,
    "HumanOnlyVulnerabilityDetection seed=3 primary_metric": 0.5178862847343032,
    "HumanOnlyVulnerabilityDetection seed=4 primary_metric": 0.5005056170714294,
    "HumanOnlyVulnerabilityDetection seed=5 primary_metric": 0.5044122748688504,
    "HumanOnlyVulnerabilityDetection seed=6 primary_metric": 0.49688216326512485,
    "HumanOnlyVulnerabilityDetection seed=7 primary_metric": 0.5169052570380036,
    "HumanOnlyVulnerabilityDetection seed=8 primary_metric": 0.5009120471661982,
    "HumanOnlyVulnerabilityDetection seed=9 primary_metric": 0.5000110855471221,
    "HumanOnlyVulnerabilityDetection seed=10 primary_metric": 0.5133158650412952
  },
  "elapsed_sec": 0.01,
  "time_budget_sec": 600,
  "steps_completed": 0,
  "nan_count": 0
}