{
  "metrics": {
    "StaticContextInjection seed=1 primary_metric": 0.5126070082509111,
    "StaticContextInjection seed=2 primary_metric": 0.5726455330677851,
    "StaticContextInjection seed=3 primary_metric": 0.5799006065922025,
    "StaticContextInjection seed=4 primary_metric": 0.7526120878782752,
    "StaticContextInjection seed=5 primary_metric": 0.5359427023321442,
    "MultiAgentContextManagement seed=1 primary_metric": 0.5553242589384871,
    "MultiAgentContextManagement seed=2 primary_metric": 0.6203659941567673,
    "MultiAgentContextManagement seed=3 primary_metric": 0.6282256571415529,
    "MultiAgentContextManagement seed=4 primary_metric": 0.8153297618681314,
    "MultiAgentContextManagement seed=5 primary_metric": 0.5806045941931564,
    "DynamicTaskAwareContextInjection seed=1 primary_metric": 0.640758760313639,
    "DynamicTaskAwareContextInjection seed=2 primary_metric": 0.7158069163347314,
    "DynamicTaskAwareContextInjection seed=3 primary_metric": 0.7248757582402532,
    "DynamicTaskAwareContextInjection seed=4 primary_metric": 0.9407651098478439,
    "DynamicTaskAwareContextInjection seed=5 primary_metric": 0.6699283779151803,
    "AIRealTimeVulnerabilityDetection seed=1 primary_metric": 0.5980415096260631,
    "AIRealTimeVulnerabilityDetection seed=2 primary_metric": 0.6680864552457493,
    "AIRealTimeVulnerabilityDetection seed=3 primary_metric": 0.676550707690903,
    "AIRealTimeVulnerabilityDetection seed=4 primary_metric": 0.8780474358579876,
    "AIRealTimeVulnerabilityDetection seed=5 primary_metric": 0.6252664860541682,
    "NoContextPrioritization seed=1 primary_metric": 0.46988975756333534,
    "NoContextPrioritization seed=2 primary_metric": 0.5249250719788031,
    "NoContextPrioritization seed=3 primary_metric": 0.5315755560428523,
    "NoContextPrioritization seed=4 primary_metric": 0.689894413888419,
    "NoContextPrioritization seed=5 primary_metric": 0.49128081047113226,
    "HumanOnlyVulnerabilityDetection seed=1 primary_metric": 0.42717250687575936,
    "HumanOnlyVulnerabilityDetection seed=2 primary_metric": 0.47720461088982097,
    "HumanOnlyVulnerabilityDetection seed=3 primary_metric": 0.4832505054935022,
    "HumanOnlyVulnerabilityDetection seed=4 primary_metric": 0.6271767398985627,
    "HumanOnlyVulnerabilityDetection seed=5 primary_metric": 0.44661891861012026
  },
  "elapsed_sec": 0.01,
  "time_budget_sec": 600,
  "steps_completed": 0,
  "nan_count": 0
}