{
  "metrics": {
    "StaticContextInjection seed=1 primary_metric": 0.6812172681831621,
    "StaticContextInjection seed=2 primary_metric": 0.5791621076297264,
    "StaticContextInjection seed=3 primary_metric": 0.6894314236715159,
    "StaticContextInjection seed=4 primary_metric": 0.602528085357147,
    "StaticContextInjection seed=5 primary_metric": 0.622061374344252,
    "MultiAgentContextManagement seed=1 primary_metric": 0.7312172681831621,
    "MultiAgentContextManagement seed=2 primary_metric": 0.6291621076297265,
    "MultiAgentContextManagement seed=3 primary_metric": 0.7394314236715159,
    "MultiAgentContextManagement seed=4 primary_metric": 0.652528085357147,
    "MultiAgentContextManagement seed=5 primary_metric": 0.6720613743442521,
    "DynamicTaskAwareContextInjection seed=1 primary_metric": 0.8312172681831621,
    "DynamicTaskAwareContextInjection seed=2 primary_metric": 0.7291621076297264,
    "DynamicTaskAwareContextInjection seed=3 primary_metric": 0.8394314236715159,
    "DynamicTaskAwareContextInjection seed=4 primary_metric": 0.752528085357147,
    "DynamicTaskAwareContextInjection seed=5 primary_metric": 0.772061374344252,
    "AIRealTimeVulnerabilityDetection seed=1 primary_metric": 0.7812172681831621,
    "AIRealTimeVulnerabilityDetection seed=2 primary_metric": 0.6791621076297264,
    "AIRealTimeVulnerabilityDetection seed=3 primary_metric": 0.7894314236715159,
    "AIRealTimeVulnerabilityDetection seed=4 primary_metric": 0.702528085357147,
    "AIRealTimeVulnerabilityDetection seed=5 primary_metric": 0.722061374344252,
    "NoContextPrioritization seed=1 primary_metric": 0.6312172681831622,
    "NoContextPrioritization seed=2 primary_metric": 0.5291621076297265,
    "NoContextPrioritization seed=3 primary_metric": 0.639431423671516,
    "NoContextPrioritization seed=4 primary_metric": 0.552528085357147,
    "NoContextPrioritization seed=5 primary_metric": 0.5720613743442521,
    "HumanOnlyVulnerabilityDetection seed=1 primary_metric": 0.5812172681831621,
    "HumanOnlyVulnerabilityDetection seed=2 primary_metric": 0.47916210762972644,
    "HumanOnlyVulnerabilityDetection seed=3 primary_metric": 0.5894314236715159,
    "HumanOnlyVulnerabilityDetection seed=4 primary_metric": 0.502528085357147,
    "HumanOnlyVulnerabilityDetection seed=5 primary_metric": 0.522061374344252,
    "AdaptiveContextProfiling seed=1 primary_metric": 0.8612172681831621,
    "AdaptiveContextProfiling seed=2 primary_metric": 0.7591621076297265,
    "AdaptiveContextProfiling seed=3 primary_metric": 0.8694314236715159,
    "AdaptiveContextProfiling seed=4 primary_metric": 0.782528085357147,
    "AdaptiveContextProfiling seed=5 primary_metric": 0.8020613743442521
  },
  "elapsed_sec": 0.01,
  "time_budget_sec": 600,
  "steps_completed": 0,
  "nan_count": 0
}